{
  "required": true,
  "package": "me.zeroX150.atomic.mixin",
  "compatibilityLevel": "JAVA_16",
  "mixins": [
    "game.DimensionTypeMixin",
    "game.GameOptionsMixin",
    "game.IClientPlayerInteractionManagerAccessor",
    "game.IdentifierMixin",
    "game.IMinecraftClientAccessor",
    "game.IRenderTickCounterAccessor",
    "game.ItemStackMixin",
    "game.KeyboardMixin",
    "game.MinecraftClientMixin",
    "game.MouseMixin",
    "game.NamespaceResourceManagerMixin",
    "game.NbtCompoundTypeMixin",
    "game.NbtListTypeMixin",
    "game.PlayerListEntryMixin",
    "game.SchemasMixin",
    "game.SharedConstantsMixin",
    "game.entity.ClientPlayerEntityMixin",
    "game.entity.ClientPlayerInteractionManagerMixin",
    "game.entity.EntityMixin",
    "game.entity.ILivingEntityAccessor",
    "game.entity.LivingEntityMixin",
    "game.entity.PlayerEntityMixin",
    "game.render.AbstractBlockStateMixin",
    "game.render.AButtonWidgetMixin",
    "game.render.AEntityRendererMixin",
    "game.render.AInGameHudMixin",
    "game.render.ATextFieldWidgetMixin",
    "game.render.BlockEntityRenderDispatcherMixin",
    "game.render.BlockMixin",
    "game.render.BlockRenderManagerMixin",
    "game.render.Deadmau5FeatureRendererMixin",
    "game.render.EntityRenderDispatcherMixin",
    "game.render.EntryListWidgetMixin",
    "game.render.GameRendererMixin",
    "game.render.HeldItemRendererMixin",
    "game.render.InGameOverlayRendererMixin",
    "game.render.ISliderWidgetAccessor",
    "game.render.ITextFieldAccessor",
    "game.render.LivingEntityRendererMixin",
    "game.render.TextVisitFactoryMixin",
    "game.render.WorldRendererMixin",
    "game.screen.AChatScreenMixin",
    "game.screen.AGenericContainerScreenMixin",
    "game.screen.AMultiplayerScreenMixin",
    "game.screen.ConnectScreenMixin",
    "game.screen.ControlsOptionScreenMixin",
    "game.screen.CreativeInventoryScreenMixin",
    "game.screen.CreditsScreenMixin",
    "game.screen.DisconnectedScreenMixin",
    "game.screen.GameMenuScreenMixin",
    "game.screen.NarratorOptionsScreenMixin",
    "game.screen.ScreenMixin",
    "game.screen.TitleScreenMixin",
    "network.ChatMessageC2SPacketMixin",
    "network.ClientConnection1Mixin",
    "network.ClientConnectionMixin",
    "network.ClientPlayNetworkHandlerMixin",
    "network.ICustomPayloadC2SPacketAccessor",
    "network.IEntityVelocityUpdateS2CPacketMixin",
    "network.IMultiplayerServerListPingerAccessor",
    "network.IPlayerMoveC2SPacketAccessor",
    "network.IReasonAccessor",
    "network.PlayerInteractEntityC2SPacketAccessor"
  ],
  "client": [],
  "server": [],
  "injectors": {
    "defaultRequire": 1
  }
}